DRIVER,WEBSITE,SLUG
Daniel Suarez,https://www.nascar.com/drivers/daniel-suarez,daniel-suarez
Ryan Blaney,https://www.teampenske.com/,ryan-blaney
Kyle Busch,https://www.rcrracing.com/drivers/kyle-busch/,kyle-busch
Austin Cindric,https://www.teampenske.com/drivers/index.cfm/4417/Austin_Cindric,austin-cindric
Bubba Wallace,https://www.23xiracing.com/team,bubba-wallace
Ricky Stenhouse Jr.,https://www.nascar.com/drivers/ricky-stenhouse-jr,ricky-stenhouse-jr
Ross Chastain,https://rosschastain.com/,ross-chastain
Michael McDowell,https://www.nascar.com/drivers/michael-mcdowell,michael-mcdowell
Chris Buescher,https://www.nascar.com/drivers/chris-buescher,chris-buescher
Ty Gibbs,https://www.tygibbs.com/,ty-gibbs
Harrison Burton,https://www.nascar.com/drivers/harrison-burton,harrison-burton
Martin Truex Jr.,https://www.nascar.com/drivers/martin-truex-jr,martin-truex-jr
Corey LaJoie,https://www.nascar.com/drivers/corey-lajoie,corey-lajoie
Kaz Grala,https://www.nascar.com/drivers/kaz-grala,kaz-grala
Chase Elliott,https://www.hendrickmotorsports.com/teams/87647/team-9,chase-elliott
Ryan Preece,https://www.stewarthaasracing.com/team-41/,ryan-preece
William Byron,https://www.hendrickmotorsports.com/teams/54/team-24,william-byron
Daniel Hemric,https://www.nascar.com/drivers/daniel-hemric/,daniel-hemric
Carson Hocevar,https://www.nascar.com/drivers/carson-hocevar/,carson-hocevar
Justin Haley,NULL,justin-haley
John Hunter Nemechek,NULL,john-hunter-nemechek
Austin Dillon,https://www.rcrracing.com/drivers/austin-dillon-cup/,austin-dillon
Denny Hamlin,https://www.nascar.com/drivers/denny-hamlin,denny-hamlin
B.J. McLeod,NULL,bj-mcleod
Erik Jones,NULL,erik-jones
Todd Gilliland,NULL,todd-gilliland
Alex Bowman,https://www.alexbowmanracing.com/,alex-bowman
Joey Logano,https://www.nascar.com/drivers/joey-logano,joey-logano
Josh Berry,https://www.stewarthaasracing.com/team-4/,josh-berry
Tyler Reddick,https://www.23xiracing.com/team,tyler-reddick
Chase Briscoe,https://www.nascar.com/drivers/chase-briscoe,chase-briscoe
Kyle Larson,https://www.nascar.com/drivers/kyle-larson,kyle-larson
Brad Keselowski,http://www.bradracing.com/,brad-keselowski
Christopher Bell,https://www.nascar.com/drivers/christopher-bell,christopher-bell
Zane Smith,https://www.nascar.com/drivers/zane-smith/,zane-smith
Noah Gragson,https://www.stewarthaasracing.com/team-10/,noah-gragson
Josh Williams,NULL,josh-williams
AJ Allmendinger,https://www.kauligracing.com/aj-allmendinger/,aj-allmendinger
Ty Dillon,NULL,ty-dillon
Cody Ware,NULL,cody-ware
J.J. Yeley,NULL,jj-yeley
Aric Almirola,https://www.joegibbsracing.com/drivers,aric-almirola
Kevin Harvick,NULL,kevin-harvick
Kurt Busch,NULL,kurt-busch
Josh Bilicki,NULL,josh-bilicki
David Ragan,NULL,david-ragan
Greg Biffle,NULL,greg-biffle
Cole Custer,https://www.stewarthaasracing.com/team-00/,cole-custer
Matt DiBenedetto,NULL,matt-dibenedetto
Ryan Newman,NULL,ryan-newman
Anthony Alfredo,NULL,anthony-alfredo
James Davison,NULL,james-davison
Quin Houff,NULL,quin-houff
Joey Gase,NULL,joey-gase
Timmy Hill,NULL,timmy-hill
Austin Hill,https://www.rcrracing.com/drivers/austin-hill/,austin-hill
Landon Cassill,NULL,landon-cassill
Garrett Smithley,NULL,garrett-smithley
Bayley Currey,NULL,bayley-currey
Stewart Friesen,NULL,stewart-friesen
Mike Marlar,NULL,mike-marlar
Chris Windom,NULL,chris-windom
Shane Golobic,NULL,shane-golobic
Matt Crafton,NULL,matt-crafton
Jonathan Davenport,NULL,jonathan-davenport
Justin Allgaier,NULL,justin-allgaier
Clint Bowyer,NULL,clint-bowyer
Jimmie Johnson,https://www.nascar.com/drivers/jimmie-johnson,jimmie-johnson
Matt Kenseth,NULL,matt-kenseth
Brennan Poole,NULL,brennan-poole
Gray Gaulding,NULL,gray-gaulding
David Starr,NULL,david-starr
Reed Sorenson,NULL,reed-sorenson
Shane van Gisbergen,https://shanevangisbergen.com/,shane-van-gisbergen
Mike Rockenfeller,NULL,mike-rockenfeller
Andy Lally,NULL,andy-lally
Loris Hezemans,NULL,loris-hezemans
Conor Daly,NULL,conor-daly
Joey Hand,NULL,joey-hand
Daniil Kvyat,NULL,daniil-kvyat
Scott Heckert,NULL,scott-heckert
Jenson Button,NULL,jenson-button
Kamui Kobayashi,NULL,kamui-kobayashi
Jordan Taylor,NULL,jordan-taylor
Kimi Raikkonen,NULL,kimi-raikkonen
Boris Said,NULL,boris-said
Kyle Tilley,NULL,kyle-tilley
Derek Kraus,NULL,derek-kraus
Jamie McMurray,NULL,jamie-mcmurray
Derrike Cope,NULL,derrike-cope
Riley Herbst,https://www.stewarthaasracing.com/team-98/,riley-herbst
Travis Pastrana,NULL,travis-pastrana
Chandler Smith,NULL,chandler-smith
Jacques Villeneuve,NULL,jacques-villeneuve
Parker Retzlaff,NULL,parker-retzlaff
Brendan Gaughan,NULL,brendan-gaughan
Corey Heim,NULL,corey-heim
Paul Menard,NULL,paul-menard
Matt Tifft,NULL,matt-tifft
Joe Nemechek,NULL,joe-nemechek
Brodie Kostecki,NULL,brodie-kostecki
Matt Mills,NULL,matt-mills
Sheldon Creed,https://sheldoncreedracing.com/,sheldon-creed
Parker Kligerman,NULL,parker-kligerman
Ryan Ellis,NULL,ryan-ellis
Chad Finchum,NULL,chad-finchum
Ryan Eversley,NULL,ryan-eversley
Tony Stewart,NULL,tony-stewart
Ryan Hunter-Reay,NULL,ryan-hunter-reay
Bobby Labonte,NULL,bobby-labonte
Marco Andretti,NULL,marco-andretti
Paul Tracy,NULL,paul-tracy
Tony Kanaan,NULL,tony-kanaan
Dave Blaney,NULL,dave-blaney
Michael Waltrip,NULL,michael-waltrip
Ben Rhodes,NULL,ben-rhodes
Will Brown,NULL,will-brown
Cam Waters,NULL,cam-waters
Grant Enfinger,NULL,grant-enfinger
Kasey Kahne,NULL,kasey-kahne
Trevor Bayne,NULL,trevor-bayne
Justin Marks,NULL,justin-marks
Chris Cook,NULL,chris-cook
Tomy Drissi,NULL,tomy-drissi
Cole Whitt,NULL,cole-whitt
RC Enerson,NULL,rc-enerson
Blake Harris,https://www.hendrickmotorsports.com/teams/55/team-48,blake-harris
Juan Pablo Montoya,https://en.wikipedia.org/wiki/Juan_Pablo_Montoya,juan-pablo-montoya
